Имя,Фамилия,Отчество,Телефон
Александр,Иванов,Сергеевич,+7 (901) 234-56-78
Мария,Петрова,Алексеевна,+7 (902) 345-67-89
Дмитрий,Сидоров,Дмитриевич,+7 (903) 456-78-90
Елена,Козлова,Игоревна,+7 (904) 567-89-01
Андрей,Новиков,Александрович,+7 (905) 678-90-12
Ольга,Морозова,Владимировна,+7 (906) 789-01-23
Сергей,Волков,Николаевич,+7 (907) 890-12-34
Наталья,Лебедева,Сергеевна,+7 (908) 901-23-45
Максим,Семенов,Андреевич,+7 (909) 012-34-56
Анна,Егорова,Павловна,+7 (910) 123-45-67
Иван,Попов,Иванович,+7 (911) 234-56-78
Татьяна,Соколова,Михайловна,+7 (912) 345-67-89
Алексей,Васильев,Петрович,+7 (913) 456-78-90
Юлия,Зайцева,Алексеевна,+7 (914) 567-89-01
Павел,Павлов,Дмитриевич,+7 (915) 678-90-12
Екатерина,Кузнецова,Сергеевна,+7 (916) 789-01-23
Михаил,Алексеев,Владимирович,+7 (917) 890-12-34
Светлана,Федорова,Игоревна,+7 (918) 901-23-45
Роман,Михайлов,Александрович,+7 (919) 012-34-56
Виктория,Белякова,Павловна,+7 (920) 123-45-67
Константин,Тарасов,Николаевич,+7 (921) 234-56-78
Ксения,Белова,Михайловна,+7 (922) 345-67-89
Владимир,Комиссаров,Петрович,+7 (923) 456-78-90
Анастасия,Мельникова,Алексеевна,+7 (924) 567-89-01
Артем,Жуков,Дмитриевич,+7 (925) 678-90-12
Дарья,Афанасьева,Сергеевна,+7 (926) 789-01-23
Николай,Воробьев,Владимирович,+7 (927) 890-12-34
Полина,Григорьева,Игоревна,+7 (928) 901-23-45
Егор,Степанов,Александрович,+7 (929) 012-34-56
Марина,Осипова,Павловна,+7 (930) 123-45-67
